Workbook

Sheet README_Setup
A1: V | Academy - Google Sheet Reporting Template
A3: Purpose | B3: This spreadsheet receives automatic progress events from V | Academy via Google Apps Script.
A5: Step | B5: What to do
A6: 1 | B6: Upload/open this workbook in Google Sheets.
A7: 2 | B7: Open Extensions > Apps Script.
A8: 3 | B8: Paste the provided Code.gs from the V | Academy package.
A9: 4 | B9: Deploy as a Web App. Execute as yourself. Access: Anyone with the link, or your Workspace setting.
A10: 5 | B10: Copy the Web App URL into ACADEMY_SYNC_URL in the V | Academy HTML files.
A11: 6 | B11: Test by creating a learner profile and completing one lesson.
A12: 7 | B12: Monitor Users, Event_Log, Badges and Certificates.
A14: Important Design Rule
A15: This file is designed for append-only logging. Do not manually delete event rows unless you are deliberately cleaning test data.
A16: The website/browser stores the live user experience. This spreadsheet is the central reporting record.
A17: Email is the learner ID. Role should come from the dropdown in the website.
A18: Recommended date format: DD/MM/YYYY HH:MM:SS Brisbane time.

Sheet Progress
A1: Email | B1: Name | C1: Role | D1: Course ID | E1: Course Name | F1: Lesson ID | G1: Lesson Name | H1: Status | I1: Progress % | J1: Confidence | K1: Started At | L1: Completed At | M1: Last Updated | N1: Event Count | O1: Data JSON

Sheet Permissions
A1: Email | B1: Name | C1: Learning Role | D1: Access Level | E1: Active
A2: ivan@vanillarentals.com.au | B2: Ivan | C2: AI Specialist | D2: Administrator | E2: TRUE

Sheet Users
A1: Email | B1: Name | C1: Role | D1: Office | E1: First Seen | F1: Last Seen | G1: Current Course | H1: Overall Progress % | I1: Lessons Completed | J1: Badges Count | K1: Certificates Count | L1: Last Event Type | M1: Notes
A2: anita@vanillarentals.com.au | B2: Anita Masterson | C2: Business Development Manager | D2: 46203.386 | E2: 46203.833 | F2: AI Foundations | J2: confidence_recorded
A3: ivan@vanillarentals.com.au | B3: ivan k ho | C3: Business Development Manager | E3: 46237.633 | F3: 46237.633 | G3: Profile | L3: profile_saved
A4: ivan@vanillarentals.com.au | B4: ivan k ho | C4: Business Development Manager | E4: 46237.633 | F4: 46237.633 | G4: Profile | L4: profile_saved
A5: kevin@dahbah.com.tw | B5: Holly | C5: Property Manager | E5: 46237.65 | F5: 46237.656 | G5: Bulletin Board | L5: announcement_progress

Sheet Event_Log
A1: Timestamp | B1: Event ID | C1: Email | D1: Name | E1: Role | F1: Course ID | G1: Course Name | H1: Chapter ID | I1: Chapter Name | J1: Lesson ID | K1: Lesson Name | L1: Event Type | M1: Item ID | N1: Item Name | O1: Data JSON | P1: Source | Q1: User Agent | R1: Event Name | S1: Progress % | T1: Status | U1: Opened At | V1: Acknowledged At
A2: 46203.386 | B2: anita@vanillarentals.com.au | C2: Anita Masterson | D2: Business Development Manager | E2: Academy | H2: profile_created | I2: Profile created | K2: Profile created | L2: {"profile":{"email":"anita@vanillarentals.com.au","name":"Anita Masterson","role":"Business Development Manager","badgesCount":0,"currentCourse":"","overallProgress":0},"event":{"type":"profile_created","course":"Academy","name":"Profile created"},"data":{}}
A3: 46203.389 | B3: anita@vanillarentals.com.au | C3: Anita Masterson | D3: Business Development Manager | E3: AI Foundations | G3: workspace | H3: confidence_recorded | I3: Confidence: Getting there | K3: Confidence: Getting there | L3: {"profile":{"email":"anita@vanillarentals.com.au","name":"Anita Masterson","role":"Business Development Manager","badgesCount":0,"currentCourse":"foundations","overallProgress":0},"event":{"type":"confidence_recorded","course":"AI Foundations","lessonId":"workspace","name":"Confidence: Getting there"},"data":{}}
A4: 46203.391 | B4: anita@vanillarentals.com.au | C4: Anita Masterson | D4: Business Development Manager | E4: AI Foundations | G4: workspace | H4: mission_completed | I4: Mission completed: Your AI Workspace | K4: Mission completed: Your AI Workspace | L4: {"profile":{"email":"anita@vanillarentals.com.au","name":"Anita Masterson","role":"Business Development Manager","badgesCount":0,"currentCourse":"foundations","overallProgress":0},"event":{"type":"mission_completed","course":"AI Foundations","lessonId":"workspace","name":"Mission completed: Your AI Workspace"},"data":{}}
A5: 46203.393 | B5: anita@vanillarentals.com.au | C5: Anita Masterson | D5: Business Development Manager | E5: Academy | H5: profile_updated | I5: Profile updated | K5: Profile updated | L5: {"profile":{"email":"anita@vanillarentals.com.au","name":"Anita Masterson","role":"Business Development Manager","badgesCount":1,"currentCourse":"foundations","overallProgress":4},"event":{"type":"profile_updated","course":"Academy","name":"Profile updated"},"data":{}}
A6: 46203.393 | B6: anita@vanillarentals.com.au | C6: Anita Masterson | D6: Business Development Manager | E6: AI Foundations | G6: workspace | H6: mission_uncompleted | I6: Mission reopened: Your AI Workspace | K6: Mission reopened: Your AI Workspace | L6: {"profile":{"email":"anita@vanillarentals.com.au","name":"Anita Masterson","role":"Business Development Manager","badgesCount":1,"currentCourse":"foundations","overallProgress":4},"event":{"type":"mission_uncompleted","course":"AI Foundations","lessonId":"workspace","name":"Mission reopened: Your AI Workspace"},"data":{}}
A7: 46203.397 | B7: anita@vanillarentals.com.au | C7: Anita Masterson | D7: Business Development Manager | E7: AI Foundations | G7: workspace | H7: mission_completed | I7: Mission completed: Your AI Workspace | K7: Mission completed: Your AI Workspace | L7: {"profile":{"email":"anita@vanillarentals.com.au","name":"Anita Masterson","role":"Business Development Manager","badgesCount":0,"currentCourse":"foundations","overallProgress":0},"event":{"type":"mission_completed","course":"AI Foundations","lessonId":"workspace","name":"Mission completed: Your AI Workspace"},"data":{}}
A8: 46203.408 | B8: anita@vanillarentals.com.au | C8: Anita Masterson | D8: Business Development Manager | E8: Toolbox | H8: tool_pinned | I8: Pinned Meet V | Assist | J8: vassist | K8: Pinned Meet V | Assist | L8: {"profile":{"email":"anita@vanillarentals.com.au","name":"Anita Masterson","role":"Business Development Manager","badgesCount":1,"currentCourse":"foundations","overallProgress":4},"event":{"type":"tool_pinned","course":"Toolbox","itemId":"vassist","name":"Pinned Meet V | Assist"},"data":{}}
A9: 46203.408 | B9: anita@vanillarentals.com.au | C9: Anita Masterson | D9: Business Development Manager | E9: Toolbox | H9: tool_pinned | I9: Pinned Your AI Workspace | J9: workspace | K9: Pinned Your AI Workspace | L9: {"profile":{"email":"anita@vanillarentals.com.au","name":"Anita Masterson","role":"Business Development Manager","badgesCount":1,"currentCourse":"foundations","overallProgress":4},"event":{"type":"tool_pinned","course":"Toolbox","itemId":"workspace","name":"Pinned Your AI Workspace"},"data":{}}
A10: 46203.408 | B10: anita@vanillarentals.com.au | C10: Anita Masterson | D10: Business Development Manager | E10: Toolbox | H10: tool_pinned | I10: Pinned Connected Apps: Gmail & Calendar | J10: connected | K10: Pinned Connected Apps: Gmail & Calendar | L10: {"profile":{"email":"anita@vanillarentals.com.au","name":"Anita Masterson","role":"Business Development Manager","badgesCount":1,"currentCourse":"foundations","overallProgress":4},"event":{"type":"tool_pinned","course":"Toolbox","itemId":"connected","name":"Pinned Connected Apps: Gmail & Calendar"},"data":{}}
A11: 46203.411 | B11: anita@vanillarentals.com.au | C11: Anita Masterson | D11: Business Development Manager | E11: AI Foundations | G11: workspace | H11: mission_uncompleted | I11: Mission reopened: Your AI Workspace | K11: Mission reopened: Your AI Workspace | L11: {"profile":{"email":"anita@vanillarentals.com.au","name":"Anita Masterson","role":"Business Development Manager","badgesCount":1,"currentCourse":"foundations","overallProgress":4},"event":{"type":"mission_uncompleted","course":"AI Foundations","lessonId":"workspace","name":"Mission reopened: Your AI Workspace"},"data":{}}
A12: 46203.833 | B12: anita@vanillarentals.com.au | C12: Anita Masterson | D12: Business Development Manager | E12: AI Foundations | G12: vassist | H12: confidence_recorded | I12: Confidence: Getting there | K12: Confidence: Getting there | L12: {"profile":{"email":"anita@vanillarentals.com.au","name":"Anita Masterson","role":"Business Development Manager","badgesCount":0,"currentCourse":"foundations","overallProgress":0},"event":{"type":"confidence_recorded","course":"AI Foundations","lessonId":"vassist","name":"Confidence: Getting there"},"data":{}}
A13: 46237.633 | B13: eb369739-d9c6-421c-a111-6c4eb2f9fb24 | C13: ivan@vanillarentals.com.au | D13: ivan k ho | E13: Business Development Manager | F13: profile | G13: Profile | K13: Profile saved | L13: profile_saved | N13: Profile saved | O13: {"profile":{"email":"ivan@vanillarentals.com.au","name":"ivan k ho","role":"Business Development Manager","currentCourse":"foundations","overallProgress":0},"event":{"type":"profile_saved","course":"Profile","name":"Profile saved"},"data":{}} | P13: browser | R13: Profile saved
A14: 46237.633 | B14: 3a3bf905-057b-48a6-ad49-fd65fdafa76b | C14: ivan@vanillarentals.com.au | D14: ivan k ho | E14: Business Development Manager | F14: profile | G14: Profile | K14: Profile saved | L14: profile_saved | N14: Profile saved | O14: {"profile":{"email":"ivan@vanillarentals.com.au","name":"ivan k ho","role":"Business Development Manager","currentCourse":"foundations","overallProgress":0},"event":{"type":"profile_saved","course":"Profile","name":"Profile saved"},"data":{}} | P14: browser | R14: Profile saved
A15: 46237.65 | B15: f861542f-f573-411d-bc88-e941918c4842 | C15: kevin@dahbah.com.tw | D15: Holly | E15: Property Manager | F15: bulletin_board | G15: Bulletin Board | J15: chatgpt-best-practices-2026-08 | K15: Announcement opened | L15: announcement_opened | M15: chatgpt-best-practices-2026-08 | N15: ChatGPT Best Practices guide | O15: {"profile":{"email":"kevin@dahbah.com.tw","name":"Holly","role":"Property Manager","currentCourse":"bdm","overallProgress":0},"event":{"type":"announcement_opened","course":"Bulletin Board","name":"Announcement opened","itemId":"chatgpt-best-practices-2026-08","itemName":"ChatGPT Best Practices guide","data":{"guideId":"chatgpt-best-practices"}},"data":{}} | P15: browser | R15: Announcement opened
A16: 46237.656 | B16: e83bbdac-2fd1-4f2a-bcb6-545578247772 | C16: kevin@dahbah.com.tw | D16: Holly | E16: Property Manager | F16: bulletin_board | G16: Bulletin Board | I16: Required reading | J16: chatgpt-best-practices-2026-08 | K16: Reading progress 25% | L16: announcement_progress | M16: chatgpt-best-practices-2026-08 | N16: ChatGPT Best Practices guide | O16: {"profile":{"email":"kevin@dahbah.com.tw","name":"Holly","role":"Property Manager","currentCourse":"bdm","overallProgress":0},"event":{"type":"announcement_progress","course":"Bulletin Board","chapter":"Required reading","lessonId":"chatgpt-best-practices-2026-08","name":"Reading progress 25%","itemId":"chatgpt-best-practices-2026-08","itemName":"ChatGPT Best Practices guide","data":{"guideId":"chatgpt-best-practices","status":"In progress","progress":25,"openedAt":"2026-08-03T05:35:13.667Z"}},"data":{}} | P16: browser | R16: Reading progress 25% | S16: 25 | T16: In progress | U16: 2026-08-03T05:35:13.667Z
A17: 46237.656 | B17: a61d0cba-5f62-49b4-be59-18afa58f5f9e | C17: kevin@dahbah.com.tw | D17: Holly | E17: Property Manager | F17: bulletin_board | G17: Bulletin Board | I17: Required reading | J17: chatgpt-best-practices-2026-08 | K17: Reading progress 50% | L17: announcement_progress | M17: chatgpt-best-practices-2026-08 | N17: ChatGPT Best Practices guide | O17: {"profile":{"email":"kevin@dahbah.com.tw","name":"Holly","role":"Property Manager","currentCourse":"bdm","overallProgress":0},"event":{"type":"announcement_progress","course":"Bulletin Board","chapter":"Required reading","lessonId":"chatgpt-best-practices-2026-08","name":"Reading progress 50%","itemId":"chatgpt-best-practices-2026-08","itemName":"ChatGPT Best Practices guide","data":{"guideId":"chatgpt-best-practices","status":"In progress","progress":50,"openedAt":"2026-08-03T05:35:13.667Z"}},"data":{}} | P17: browser | R17: Reading progress 50% | S17: 50 | T17: In progress | U17: 2026-08-03T05:35:13.667Z

Sheet Badges
A1: Timestamp | B1: Email | C1: Name | D1: Role | E1: Badge ID | F1: Badge Name | G1: Badge Category | H1: Course ID | I1: Course Name | J1: Requirement | K1: Data JSON
A2: 29/06/2026 09:20 | B2: example@vanillarentals.com.au | C2: Example User | D2: Business Development Manager | E2: ai_foundations | F2: AI Foundations | G2: Learning Badge | H2: ai-foundations | I2: AI Foundations | J2: Complete AI Foundations lessons | K2: {}
A3: 46202.49 | B3: ivan@vanillarentals.com.au | C3: ivan | D3: Management | E3: BDM | F3: bdm | G3: Business Development | H3: {"profile":{"email":"ivan@vanillarentals.com.au","name":"ivan","role":"Management","badgesCount":1,"currentCourse":"BDM"},"event":{"type":"badge_earned","course":"BDM","itemId":"bdm","itemName":"Business Development","badgeId":"bdm","badgeName":"Business Development","name":"Business Development badge earned","progress":100,"data":{"completed":9,"total":9}},"data":{}}
A4: 46202.527 | B4: ivan@ | C4: ivan | D4: Business Development Manager | E4: BDM | F4: bdm | G4: Business Development | H4: {"profile":{"email":"ivan@","name":"ivan","role":"Business Development Manager","badgesCount":1,"certificatesCount":1,"currentCourse":"BDM","overallProgress":100},"event":{"type":"badge_earned","course":"BDM","itemId":"bdm","itemName":"Business Development","badgeId":"bdm","badgeName":"Business Development","name":"Business Development badge earned","progress":100,"data":{"completed":9,"total":9}},"data":{}}

Sheet Certificates
A1: Timestamp | B1: Email | C1: Name | D1: Role | E1: Certificate ID | F1: Certificate Name | G1: Course ID | H1: Course Name | I1: Completed Lessons | J1: Issued By | K1: Data JSON
A2: 29/06/2026 10:00 | B2: example@vanillarentals.com.au | C2: Example User | D2: Business Development Manager | E2: cert_bdm | F2: BDM AI Training Certificate | G2: bdm | H2: Business Development | I2: 20 | J2: V | Academy | K2: {}
A3: 46202.49 | B3: ivan@vanillarentals.com.au | C3: ivan | D3: Management | E3: BDM | F3: bdm_certificate | G3: Business Development Certificate | H3: {"profile":{"email":"ivan@vanillarentals.com.au","name":"ivan","role":"Management","badgesCount":1,"currentCourse":"BDM"},"event":{"type":"certificate_earned","course":"BDM","itemId":"bdm_certificate","itemName":"Business Development Certificate","certificateId":"bdm_certificate","certificateName":"Business Development Certificate","name":"Business Development certificate earned","progress":100,"data":{"completed":9,"total":9}},"data":{}}
A4: 46202.49 | B4: ivan@vanillarentals.com.au | C4: ivan | D4: Management | E4: BDM | F4: bdm_certificate | G4: Business Development Certificate | H4: {"profile":{"email":"ivan@vanillarentals.com.au","name":"ivan","role":"Management","badgesCount":1,"currentCourse":"BDM"},"event":{"type":"course_completed","course":"BDM","itemId":"bdm_certificate","itemName":"Business Development Certificate","certificateId":"bdm_certificate","certificateName":"Business Development Certificate","name":"BDM Course completed","progress":100,"data":{"completed":9,"total":9}},"data":{}}
A5: 46202.527 | B5: ivan@ | C5: ivan | D5: Business Development Manager | E5: BDM | F5: bdm_certificate | G5: Business Development Certificate | H5: {"profile":{"email":"ivan@","name":"ivan","role":"Business Development Manager","badgesCount":1,"certificatesCount":1,"currentCourse":"BDM","overallProgress":100},"event":{"type":"course_completed","course":"BDM","itemId":"bdm_certificate","itemName":"Business Development Certificate","certificateId":"bdm_certificate","certificateName":"Business Development Certificate","name":"BDM Course completed","progress":100,"data":{"completed":9,"total":9}},"data":{}}
A6: 46202.656 | B6: ivy@vanillarentals.com.au | C6: Ivy | D6: Business Development Manager | E6: AI Foundations | F6: foundations | G6: AI Foundations completed | H6: {"profile":{"email":"ivy@vanillarentals.com.au","name":"Ivy","role":"Business Development Manager","badgesCount":10,"currentCourse":"foundations"},"event":{"type":"course_completed","course":"AI Foundations","itemId":"foundations","name":"AI Foundations completed"},"data":{}}
A7: 46202.656 | B7: ivy@vanillarentals.com.au | C7: Ivy | D7: Business Development Manager | E7: Business Development | F7: bdm | G7: Business Development completed | H7: {"profile":{"email":"ivy@vanillarentals.com.au","name":"Ivy","role":"Business Development Manager","badgesCount":25,"currentCourse":"bdm"},"event":{"type":"course_completed","course":"Business Development","itemId":"bdm","name":"Business Development completed"},"data":{}}
A8: 46203.361 | B8: ivan@vanillarentals.com | C8: ivan | D8: Management | E8: AI Foundations | F8: foundations | G8: AI Foundations path completed | H8: {"profile":{"email":"ivan@vanillarentals.com","name":"ivan","role":"Management","badgesCount":10,"currentCourse":"foundations","overallProgress":40},"event":{"type":"path_completed","course":"AI Foundations","itemId":"foundations","name":"AI Foundations path completed"},"data":{}}
A9: 46203.361 | B9: ivan@vanillarentals.com | C9: ivan | D9: Management | E9: AI Foundations | F9: foundations_certificate | G9: AI Foundations Certificate | H9: {"profile":{"email":"ivan@vanillarentals.com","name":"ivan","role":"Management","badgesCount":10,"currentCourse":"foundations","overallProgress":40},"event":{"type":"certificate_earned","course":"AI Foundations","itemId":"foundations_certificate","certificateId":"foundations_certificate","certificateName":"AI Foundations Certificate","name":"Certificate earned: AI Foundations Certificate"},"data":{}}
A10: 46203.362 | B10: ivan@vanillarentals.com | C10: ivan | D10: Management | E10: Business Development | F10: bdm | G10: Business Development path completed | H10: {"profile":{"email":"ivan@vanillarentals.com","name":"ivan","role":"Management","badgesCount":25,"currentCourse":"bdm","overallProgress":100},"event":{"type":"path_completed","course":"Business Development","itemId":"bdm","name":"Business Development path completed"},"data":{}}
A11: 46203.362 | B11: ivan@vanillarentals.com | C11: ivan | D11: Management | E11: Business Development | F11: bdm_certificate | G11: Business Development Certificate | H11: {"profile":{"email":"ivan@vanillarentals.com","name":"ivan","role":"Management","badgesCount":25,"currentCourse":"bdm","overallProgress":100},"event":{"type":"certificate_earned","course":"Business Development","itemId":"bdm_certificate","certificateId":"bdm_certificate","certificateName":"Business Development Certificate","name":"Certificate earned: Business Development Certificate"},"data":{}}

Sheet Favourites
A1: Timestamp | B1: Email | C1: Name | D1: Role | E1: Course ID | F1: Prompt ID | G1: Prompt Title | H1: Prompt Text | I1: Tags | J1: Action
A2: 29/06/2026 09:30 | B2: example@vanillarentals.com.au | C2: Example User | D2: Business Development Manager | E2: bdm | F2: prompt_owner_followup | G2: Owner Follow-up Email | H2: Write a warm follow-up email... | I2: bdm,email,owner | J2: saved

Sheet Courses
A1: Course ID | B1: Course Name | C1: Role Path | D1: Status | E1: Estimated Minutes | F1: Description | G1: URL
A2: ai-foundations | B2: AI Foundations | C2: All Roles | D2: Planned | E2: 45 | F2: Core AI, V | Assist, Gmail, Calendar, safety and prompts | G2: /courses/ai-foundations/
A3: bdm | B3: Business Development | C3: Business Development Manager | D3: Live | E3: 60 | F3: BDM training, owner prep, follow-up, objections, marketing and connected apps | G3: /courses/bdm/
A4: property-manager | B4: Property Manager | C4: Property Manager | D4: Planned | E4: 90 | F4: Daily triage, communication, maintenance, inspections, rent clarity, QCAT and AI tools | G4: /courses/property-manager/
A5: assistant-pm | B5: PM Assistant | C5: Assistant Property Manager | D5: Planned | E5: 60 | F5: Inbox, admin, communications, tasks and AI support | G5: /courses/assistant-pm/
A6: administration | B6: Administration | C6: Administration | D6: Planned | E6: 60 | F6: Reception, scheduling, documents, internal support and AI basics | G6: /courses/administration/
A7: qcat | B7: QCAT | C7: Operations / Training | D7: Planned | E7: 75 | F7: QCAT Companion, evidence, chronology and tribunal preparation | G7: /courses/qcat/

Sheet Lessons
A1: Course ID | B1: Chapter ID | C1: Lesson ID | D1: Lesson Name | E1: Sort Order | F1: Required | G1: Estimated Minutes | H1: Badge Trigger | I1: Certificate Trigger
A2: bdm | B2: getting-started | C2: welcome | D2: Welcome | E2: 1 | F2: Yes | G2: 3
A3: bdm | B3: getting-started | C3: custom-gpt | D3: Vanilla custom GPT | E3: 2 | F3: Yes | G3: 5 | H3: v_assist_intro
A4: bdm | B4: getting-started | C4: web-ui | D4: ChatGPT Web UI | E4: 3 | F4: Yes | G4: 6
A5: bdm | B5: connected-apps | C5: gmail-calendar | D5: Gmail & Calendar | E5: 4 | F5: Yes | G5: 8 | H5: connected_apps
A6: bdm | B6: before-appointment | C6: owner-prep | D6: Owner Preparation | E6: 5 | F6: Yes | G6: 8
A7: bdm | B7: after-appointment | C7: follow-up | D7: Follow-up Emails | E7: 6 | F7: Yes | G7: 8 | I7: cert_bdm
A8: ai-foundations | B8: basics | C8: intro | D8: AI Foundations Introduction | E8: 1 | F8: Yes | G8: 5
A9: property-manager | B9: daily-workflow | C9: morning-triage | D9: Morning Triage | E9: 1 | F9: Yes | G9: 10

Sheet Analytics
A1: V | Academy Reporting Dashboard
A3: Metric | B3: Value | D3: Role | E3: Users | F3: Events
A4: Total users | B4: =COUNTA(Users!A2:A996) | D4: Business Development Manager | E4: =COUNTIF(Users!C:C,D4) | F4: =COUNTIF(Event_Log!E:E,D4)
A5: Total events | B5: =COUNTA(Event_Log!A2:A4957) | D5: Property Manager | E5: =COUNTIF(Users!C:C,D5) | F5: =COUNTIF(Event_Log!E:E,D5)
A6: Badges earned | B6: =COUNTA(Badges!A2:A1000) | D6: Assistant Property Manager | E6: =COUNTIF(Users!C:C,D6) | F6: =COUNTIF(Event_Log!E:E,D6)
A7: Certificates issued | B7: =COUNTA(Certificates!A2:A1000) | D7: Administration | E7: =COUNTIF(Users!C:C,D7) | F7: =COUNTIF(Event_Log!E:E,D7)
A8: Favourite prompts saved | B8: =COUNTIF(Favourites!J2:J1000,"saved") | D8: Maintenance | E8: =COUNTIF(Users!C:C,D8) | F8: =COUNTIF(Event_Log!E:E,D8)
A9: Live courses | B9: =COUNTIF(Courses!D2:D500,"Live") | D9: Leasing | E9: =COUNTIF(Users!C:C,D9) | F9: =COUNTIF(Event_Log!E:E,D9)
A10: Last event timestamp | B10: =MAX(Event_Log!A2:A4957) | D10: Operations / Training | E10: =COUNTIF(Users!C:C,D10) | F10: =COUNTIF(Event_Log!E:E,D10)
D11: Management | E11: =COUNTIF(Users!C:C,D11) | F11: =COUNTIF(Event_Log!E:E,D11)

Sheet Lookups
A1: Roles | B1: Event Types | C1: Course Status | D1: Badge Categories | E1: Offices
A2: Business Development Manager | B2: profile_created | C2: Live | D2: Learning Badge | E2: Gold Coast
A3: Property Manager | B3: profile_updated | C3: Planned | D3: Tool Certification | E3: Goodna
A4: Assistant Property Manager | B4: lesson_completed | C4: Draft | D4: Milestone | E4: Plainland
A5: Administration | B5: lesson_uncompleted | C5: Archived | D5: Certificate | E5: Middle Park
A6: Maintenance | B6: badge_earned
A7: Leasing | B7: course_completed
A8: Operations / Training | B8: certificate_earned
A9: Management | B9: prompt_favourited
B10: backup_exported
B11: backup_imported
